Workbook

Sheet googleAdCopyOutput
A1: Service | B1: Sitelink Description 1 | C1: Sitelink Description 2
A2: Welding & Custom Metal Work | B2: Gate, railing and metal repairs (31) | C2: Custom welding built to fit (27)
A3: Electrical Work | B3: Outlets, switches and fixtures (30) | C3: Troubleshooting and small repairs (33)
A4: Doors & Security Doors | B4: Fix doors that stick, sag or drag (33) | C4: Hinges, locks and security doors (32)
A5: Plumbing Specialties | B5: Faucets, toilets and leak repairs (33) | C5: Clean installs with clear pricing (33)
A6: Tankless Water Heater Descaling | B6: Flush buildup from your system (30) | C6: Help restore flow and efficiency (32)
A7: Drywall Repair | B7: Patch holes, walls and ceilings (31) | C7: Texture blended and paint-ready (31)
A8: Move-In & Punch List Work | B8: Bundle several repairs in one visit (35) | C8: Move-in, turnover and fix-up work (33)

Sheet Sheet1
A1: Service | B1: copy type | C1: copy
A2: Welding & Custom Metal Work | B2: keyword | C2: [mobile welding san diego] | D2: =VLOOKUP(A2,googleAdCopyOutput!A:C,2,1) -> Bundle several repairs in one visit (35) | E2: =VLOOKUP(A2,googleAdCopyOutput!A:C,3,2) -> Move-in, turnover and fix-up work (33) | F2: =LEFT(D2,LEN(D2)-5) -> Bundle several repairs in one visit | G2: =LEFT(E2,LEN(E2)-5) -> Move-in, turnover and fix-up work
A3: Welding & Custom Metal Work | B3: keyword | C3: "mobile welding san diego" | D3: =VLOOKUP(A3,googleAdCopyOutput!A:C,2,1) -> Bundle several repairs in one visit (35) | E3: =VLOOKUP(A3,googleAdCopyOutput!A:C,3,2) -> Move-in, turnover and fix-up work (33) | F3: =LEFT(D3,LEN(D3)-5) -> Bundle several repairs in one visit | G3: =LEFT(E3,LEN(E3)-5) -> Move-in, turnover and fix-up work
A4: Welding & Custom Metal Work | B4: keyword | C4: [gate repair welding] | D4: =VLOOKUP(A4,googleAdCopyOutput!A:C,2,1) -> Bundle several repairs in one visit (35) | E4: =VLOOKUP(A4,googleAdCopyOutput!A:C,3,2) -> Move-in, turnover and fix-up work (33) | F4: =LEFT(D4,LEN(D4)-5) -> Bundle several repairs in one visit | G4: =LEFT(E4,LEN(E4)-5) -> Move-in, turnover and fix-up work
A5: Welding & Custom Metal Work | B5: keyword | C5: "gate welding repair" | D5: =VLOOKUP(A5,googleAdCopyOutput!A:C,2,1) -> Bundle several repairs in one visit (35) | E5: =VLOOKUP(A5,googleAdCopyOutput!A:C,3,2) -> Move-in, turnover and fix-up work (33) | F5: =LEFT(D5,LEN(D5)-5) -> Bundle several repairs in one visit | G5: =LEFT(E5,LEN(E5)-5) -> Move-in, turnover and fix-up work
A6: Welding & Custom Metal Work | B6: keyword | C6: [metal fence repair] | D6: =VLOOKUP(A6,googleAdCopyOutput!A:C,2,1) -> Bundle several repairs in one visit (35) | E6: =VLOOKUP(A6,googleAdCopyOutput!A:C,3,2) -> Move-in, turnover and fix-up work (33) | F6: =LEFT(D6,LEN(D6)-5) -> Bundle several repairs in one visit | G6: =LEFT(E6,LEN(E6)-5) -> Move-in, turnover and fix-up work
A7: Welding & Custom Metal Work | B7: keyword | C7: "metal railing repair" | D7: =VLOOKUP(A7,googleAdCopyOutput!A:C,2,1) -> Bundle several repairs in one visit (35) | E7: =VLOOKUP(A7,googleAdCopyOutput!A:C,3,2) -> Move-in, turnover and fix-up work (33) | F7: =LEFT(D7,LEN(D7)-5) -> Bundle several repairs in one visit | G7: =LEFT(E7,LEN(E7)-5) -> Move-in, turnover and fix-up work
A8: Welding & Custom Metal Work | B8: keyword | C8: [handrail welding repair] | D8: =VLOOKUP(A8,googleAdCopyOutput!A:C,2,1) -> Bundle several repairs in one visit (35) | E8: =VLOOKUP(A8,googleAdCopyOutput!A:C,3,2) -> Move-in, turnover and fix-up work (33) | F8: =LEFT(D8,LEN(D8)-5) -> Bundle several repairs in one visit | G8: =LEFT(E8,LEN(E8)-5) -> Move-in, turnover and fix-up work
A9: Welding & Custom Metal Work | B9: keyword | C9: "security door welding" | D9: =VLOOKUP(A9,googleAdCopyOutput!A:C,2,1) -> Bundle several repairs in one visit (35) | E9: =VLOOKUP(A9,googleAdCopyOutput!A:C,3,2) -> Move-in, turnover and fix-up work (33) | F9: =LEFT(D9,LEN(D9)-5) -> Bundle several repairs in one visit | G9: =LEFT(E9,LEN(E9)-5) -> Move-in, turnover and fix-up work
A10: Welding & Custom Metal Work | B10: keyword | C10: [custom metal fabrication] | D10: =VLOOKUP(A10,googleAdCopyOutput!A:C,2,1) -> Bundle several repairs in one visit (35) | E10: =VLOOKUP(A10,googleAdCopyOutput!A:C,3,2) -> Move-in, turnover and fix-up work (33) | F10: =LEFT(D10,LEN(D10)-5) -> Bundle several repairs in one visit | G10: =LEFT(E10,LEN(E10)-5) -> Move-in, turnover and fix-up work
A11: Welding & Custom Metal Work | B11: keyword | C11: "custom metal repair" | D11: =VLOOKUP(A11,googleAdCopyOutput!A:C,2,1) -> Bundle several repairs in one visit (35) | E11: =VLOOKUP(A11,googleAdCopyOutput!A:C,3,2) -> Move-in, turnover and fix-up work (33) | F11: =LEFT(D11,LEN(D11)-5) -> Bundle several repairs in one visit | G11: =LEFT(E11,LEN(E11)-5) -> Move-in, turnover and fix-up work
A12: Welding & Custom Metal Work | B12: keyword | C12: [welding repair near me] | D12: =VLOOKUP(A12,googleAdCopyOutput!A:C,2,1) -> Bundle several repairs in one visit (35) | E12: =VLOOKUP(A12,googleAdCopyOutput!A:C,3,2) -> Move-in, turnover and fix-up work (33) | F12: =LEFT(D12,LEN(D12)-5) -> Bundle several repairs in one visit | G12: =LEFT(E12,LEN(E12)-5) -> Move-in, turnover and fix-up work
A13: Welding & Custom Metal Work | B13: keyword | C13: "small welding jobs" | D13: =VLOOKUP(A13,googleAdCopyOutput!A:C,2,1) -> Bundle several repairs in one visit (35) | E13: =VLOOKUP(A13,googleAdCopyOutput!A:C,3,2) -> Move-in, turnover and fix-up work (33) | F13: =LEFT(D13,LEN(D13)-5) -> Bundle several repairs in one visit | G13: =LEFT(E13,LEN(E13)-5) -> Move-in, turnover and fix-up work
... A52: Electrical Work | B52: keyword | C52: "fixture installation san diego" | D52: =VLOOKUP(A52,googleAdCopyOutput!A:C,2,1) -> Fix doors that stick, sag or drag (33) | E52: =VLOOKUP(A52,googleAdCopyOutput!A:C,3,2) -> Hinges, locks and security doors (32) | F52: =LEFT(D52,LEN(D52)-5) -> Fix doors that stick, sag or drag | G52: =LEFT(E52,LEN(E52)-5) -> Hinges, locks and security doors
A53: Electrical Work | B53: headline | C53: Electrical Repair San Diego | D53: =VLOOKUP(A53,googleAdCopyOutput!A:C,2,2) -> Fix doors that stick, sag or drag (33) | E53: =VLOOKUP(A53,googleAdCopyOutput!A:C,3,2) -> Hinges, locks and security doors (32) | F53: =LEFT(D53,LEN(D53)-5) -> Fix doors that stick, sag or drag | G53: =LEFT(E53,LEN(E53)-5) -> Hinges, locks and security doors
A54: Electrical Work | B54: headline | C54: GFCI Outlet Repair | D54: =VLOOKUP(A54,googleAdCopyOutput!A:C,2,2) -> Fix doors that stick, sag or drag (33) | E54: =VLOOKUP(A54,googleAdCopyOutput!A:C,3,2) -> Hinges, locks and security doors (32) | F54: =LEFT(D54,LEN(D54)-5) -> Fix doors that stick, sag or drag | G54: =LEFT(E54,LEN(E54)-5) -> Hinges, locks and security doors
A55: Electrical Work | B55: headline | C55: Outlet And Switch Repair | D55: =VLOOKUP(A55,googleAdCopyOutput!A:C,2,2) -> Fix doors that stick, sag or drag (33) | E55: =VLOOKUP(A55,googleAdCopyOutput!A:C,3,2) -> Hinges, locks and security doors (32) | F55: =LEFT(D55,LEN(D55)-5) -> Fix doors that stick, sag or drag | G55: =LEFT(E55,LEN(E55)-5) -> Hinges, locks and security doors
A56: Electrical Work | B56: headline | C56: Electrical Troubleshooting | D56: =VLOOKUP(A56,googleAdCopyOutput!A:C,2,2) -> Fix doors that stick, sag or drag (33) | E56: =VLOOKUP(A56,googleAdCopyOutput!A:C,3,2) -> Hinges, locks and security doors (32) | F56: =LEFT(D56,LEN(D56)-5) -> Fix doors that stick, sag or drag | G56: =LEFT(E56,LEN(E56)-5) -> Hinges, locks and security doors
A57: Electrical Work | B57: headline | C57: Light Fixture Installation | D57: =VLOOKUP(A57,googleAdCopyOutput!A:C,2,2) -> Fix doors that stick, sag or drag (33) | E57: =VLOOKUP(A57,googleAdCopyOutput!A:C,3,2) -> Hinges, locks and security doors (32) | F57: =LEFT(D57,LEN(D57)-5) -> Fix doors that stick, sag or drag | G57: =LEFT(E57,LEN(E57)-5) -> Hinges, locks and security doors
A58: Electrical Work | B58: headline | C58: Ceiling Fan Installation | D58: =VLOOKUP(A58,googleAdCopyOutput!A:C,2,2) -> Fix doors that stick, sag or drag (33) | E58: =VLOOKUP(A58,googleAdCopyOutput!A:C,3,2) -> Hinges, locks and security doors (32) | F58: =LEFT(D58,LEN(D58)-5) -> Fix doors that stick, sag or drag | G58: =LEFT(E58,LEN(E58)-5) -> Hinges, locks and security doors
A59: Electrical Work | B59: headline | C59: Fix Dead Outlets | D59: =VLOOKUP(A59,googleAdCopyOutput!A:C,2,2) -> Fix doors that stick, sag or drag (33) | E59: =VLOOKUP(A59,googleAdCopyOutput!A:C,3,2) -> Hinges, locks and security doors (32) | F59: =LEFT(D59,LEN(D59)-5) -> Fix doors that stick, sag or drag | G59: =LEFT(E59,LEN(E59)-5) -> Hinges, locks and security doors
A60: Electrical Work | B60: headline | C60: Replace Old Switches | D60: =VLOOKUP(A60,googleAdCopyOutput!A:C,2,2) -> Fix doors that stick, sag or drag (33) | E60: =VLOOKUP(A60,googleAdCopyOutput!A:C,3,2) -> Hinges, locks and security doors (32) | F60: =LEFT(D60,LEN(D60)-5) -> Fix doors that stick, sag or drag | G60: =LEFT(E60,LEN(E60)-5) -> Hinges, locks and security doors
A61: Electrical Work | B61: headline | C61: Bathroom GFCI Upgrades | D61: =VLOOKUP(A61,googleAdCopyOutput!A:C,2,2) -> Fix doors that stick, sag or drag (33) | E61: =VLOOKUP(A61,googleAdCopyOutput!A:C,3,2) -> Hinges, locks and security doors (32) | F61: =LEFT(D61,LEN(D61)-5) -> Fix doors that stick, sag or drag | G61: =LEFT(E61,LEN(E61)-5) -> Hinges, locks and security doors
A62: Electrical Work | B62: headline | C62: Kitchen Outlet Repairs | D62: =VLOOKUP(A62,googleAdCopyOutput!A:C,2,2) -> Fix doors that stick, sag or drag (33) | E62: =VLOOKUP(A62,googleAdCopyOutput!A:C,3,2) -> Hinges, locks and security doors (32) | F62: =LEFT(D62,LEN(D62)-5) -> Fix doors that stick, sag or drag | G62: =LEFT(E62,LEN(E62)-5) -> Hinges, locks and security doors
A63: Electrical Work | B63: headline | C63: Careful Electrical Repairs | D63: =VLOOKUP(A63,googleAdCopyOutput!A:C,2,2) -> Fix doors that stick, sag or drag (33) | E63: =VLOOKUP(A63,googleAdCopyOutput!A:C,3,2) -> Hinges, locks and security doors (32) | F63: =LEFT(D63,LEN(D63)-5) -> Fix doors that stick, sag or drag | G63: =LEFT(E63,LEN(E63)-5) -> Hinges, locks and security doors
A64: Electrical Work | B64: headline | C64: Clean Fixture Upgrades | D64: =VLOOKUP(A64,googleAdCopyOutput!A:C,2,2) -> Fix doors that stick, sag or drag (33) | E64: =VLOOKUP(A64,googleAdCopyOutput!A:C,3,2) -> Hinges, locks and security doors (32) | F64: =LEFT(D64,LEN(D64)-5) -> Fix doors that stick, sag or drag | G64: =LEFT(E64,LEN(E64)-5) -> Hinges, locks and security doors
... A67: Electrical Work | B67: headline | C67: Handyman Grant Electrical | D67: =VLOOKUP(A67,googleAdCopyOutput!A:C,2,2) -> Fix doors that stick, sag or drag (33) | E67: =VLOOKUP(A67,googleAdCopyOutput!A:C,3,2) -> Hinges, locks and security doors (32) | F67: =LEFT(D67,LEN(D67)-5) -> Fix doors that stick, sag or drag | G67: =LEFT(E67,LEN(E67)-5) -> Hinges, locks and security doors
A68: Electrical Work | B68: description | C68: Troubleshooting, GFCI upgrades, outlets, switches, fixtures, and ceiling fan installs. | D68: =VLOOKUP(A68,googleAdCopyOutput!A:C,2,1) -> Fix doors that stick, sag or drag (33) | E68: =VLOOKUP(A68,googleAdCopyOutput!A:C,3,2) -> Hinges, locks and security doors (32) | F68: =LEFT(D68,LEN(D68)-5) -> Fix doors that stick, sag or drag | G68: =LEFT(E68,LEN(E68)-5) -> Hinges, locks and security doors
A69: Electrical Work | B69: description | C69: Careful electrical work with clear explanations, tidy connections, and thorough testing. | D69: =VLOOKUP(A69,googleAdCopyOutput!A:C,2,1) -> Fix doors that stick, sag or drag (33) | E69: =VLOOKUP(A69,googleAdCopyOutput!A:C,3,2) -> Hinges, locks and security doors (32) | F69: =LEFT(D69,LEN(D69)-5) -> Fix doors that stick, sag or drag | G69: =LEFT(E69,LEN(E69)-5) -> Hinges, locks and security doors
A70: Electrical Work | B70: description | C70: Have a dead outlet or problem switch? Send photos and describe what is happening. | D70: =VLOOKUP(A70,googleAdCopyOutput!A:C,2,1) -> Fix doors that stick, sag or drag (33) | E70: =VLOOKUP(A70,googleAdCopyOutput!A:C,3,2) -> Hinges, locks and security doors (32) | F70: =LEFT(D70,LEN(D70)-5) -> Fix doors that stick, sag or drag | G70: =LEFT(E70,LEN(E70)-5) -> Hinges, locks and security doors
A71: Electrical Work | B71: description | C71: Serving San Diego with honest estimates and practical solutions for electrical repairs. | D71: =VLOOKUP(A71,googleAdCopyOutput!A:C,2,1) -> Fix doors that stick, sag or drag (33) | E71: =VLOOKUP(A71,googleAdCopyOutput!A:C,3,2) -> Hinges, locks and security doors (32) | F71: =LEFT(D71,LEN(D71)-5) -> Fix doors that stick, sag or drag | G71: =LEFT(E71,LEN(E71)-5) -> Hinges, locks and security doors
A72: Doors & Security Doors | B72: keyword | C72: [door repair san diego] | D72: =VLOOKUP(A72,googleAdCopyOutput!A:C,2,1) -> Fix doors that stick, sag or drag (33) | E72: =VLOOKUP(A72,googleAdCopyOutput!A:C,3,2) -> Hinges, locks and security doors (32) | F72: =LEFT(D72,LEN(D72)-5) -> Fix doors that stick, sag or drag | G72: =LEFT(E72,LEN(E72)-5) -> Hinges, locks and security doors
A73: Doors & Security Doors | B73: keyword | C73: "door repair san diego" | D73: =VLOOKUP(A73,googleAdCopyOutput!A:C,2,1) -> Fix doors that stick, sag or drag (33) | E73: =VLOOKUP(A73,googleAdCopyOutput!A:C,3,2) -> Hinges, locks and security doors (32) | F73: =LEFT(D73,LEN(D73)-5) -> Fix doors that stick, sag or drag | G73: =LEFT(E73,LEN(E73)-5) -> Hinges, locks and security doors
A74: Doors & Security Doors | B74: keyword | C74: [fix sticking door] | D74: =VLOOKUP(A74,googleAdCopyOutput!A:C,2,1) -> Fix doors that stick, sag or drag (33) | E74: =VLOOKUP(A74,googleAdCopyOutput!A:C,3,2) -> Hinges, locks and security doors (32) | F74: =LEFT(D74,LEN(D74)-5) -> Fix doors that stick, sag or drag | G74: =LEFT(E74,LEN(E74)-5) -> Hinges, locks and security doors
A75: Doors & Security Doors | B75: keyword | C75: "door won't latch" | D75: =VLOOKUP(A75,googleAdCopyOutput!A:C,2,1) -> Fix doors that stick, sag or drag (33) | E75: =VLOOKUP(A75,googleAdCopyOutput!A:C,3,2) -> Hinges, locks and security doors (32) | F75: =LEFT(D75,LEN(D75)-5) -> Fix doors that stick, sag or drag | G75: =LEFT(E75,LEN(E75)-5) -> Hinges, locks and security doors
A76: Doors & Security Doors | B76: keyword | C76: [sagging door repair] | D76: =VLOOKUP(A76,googleAdCopyOutput!A:C,2,1) -> Fix doors that stick, sag or drag (33) | E76: =VLOOKUP(A76,googleAdCopyOutput!A:C,3,2) -> Hinges, locks and security doors (32) | F76: =LEFT(D76,LEN(D76)-5) -> Fix doors that stick, sag or drag | G76: =LEFT(E76,LEN(E76)-5) -> Hinges, locks and security doors
A77: Doors & Security Doors | B77: keyword | C77: "door hinge repair" | D77: =VLOOKUP(A77,googleAdCopyOutput!A:C,2,1) -> Fix doors that stick, sag or drag (33) | E77: =VLOOKUP(A77,googleAdCopyOutput!A:C,3,2) -> Hinges, locks and security doors (32) | F77: =LEFT(D77,LEN(D77)-5) -> Fix doors that stick, sag or drag | G77: =LEFT(E77,LEN(E77)-5) -> Hinges, locks and security doors
A78: Doors & Security Doors | B78: keyword | C78: [door alignment repair] | D78: =VLOOKUP(A78,googleAdCopyOutput!A:C,2,1) -> Fix doors that stick, sag or drag (33) | E78: =VLOOKUP(A78,googleAdCopyOutput!A:C,3,2) -> Hinges, locks and security doors (32) | F78: =LEFT(D78,LEN(D78)-5) -> Fix doors that stick, sag or drag | G78: =LEFT(E78,LEN(E78)-5) -> Hinges, locks and security doors
A79: Doors & Security Doors | B79: keyword | C79: "door rubs frame" | D79: =VLOOKUP(A79,googleAdCopyOutput!A:C,2,1) -> Fix doors that stick, sag or drag (33) | E79: =VLOOKUP(A79,googleAdCopyOutput!A:C,3,2) -> Hinges, locks and security doors (32) | F79: =LEFT(D79,LEN(D79)-5) -> Fix doors that stick, sag or drag | G79: =LEFT(E79,LEN(E79)-5) -> Hinges, locks and security doors
... A244: Move-In & Punch List Work | B244: description | C244: Efficient, organized repair visits with itemized estimates and a final walkthrough. | D244: =VLOOKUP(A244,googleAdCopyOutput!A:C,2,1) -> Bundle several repairs in one visit (35) | E244: =VLOOKUP(A244,googleAdCopyOutput!A:C,3,2) -> Move-in, turnover and fix-up work (33) | F244: =LEFT(D244,LEN(D244)-5) -> Bundle several repairs in one visit | G244: =LEFT(E244,LEN(E244)-5) -> Move-in, turnover and fix-up work
